name     ,  rank,   score, probability, sas_points, surf_atoms,   center_x,   center_y,   center_z, residue_ids, surf_atom_ids
pocket1  ,     1,   24.14,       0.896,        140,         59,   123.4965,   113.0313,   145.0232, A_160 A_161 A_164 A_165 A_169 A_192 A_193 A_196 A_294 A_297 A_298 A_301 A_330 A_333 A_334 A_337 A_38 A_409 A_41 A_412 A_413 A_416 A_417 A_42 A_420 A_421 A_440 A_444 A_448 A_45, 266 293 295 296 303 328 1234 1235 1236 1237 1242 1263 1265 1271 1305 1307 1492 1493 1500 1501 1520 1522 1523 2294 2296 2297 2317 2319 2324 2347 2591 2624 2625 2626 2627 2649 3181 3183 3184 3206 3207 3208 3216 3218 3219 3243 3250 3251 3252 3273 3274 3283 3429 3453 3454 3481 3485 3488 3489
pocket2  ,     2,   10.30,       0.553,         62,         38,   131.6923,    98.5004,   150.2788, A_101 A_102 A_151 A_154 A_155 A_158 A_74 A_77 A_78 A_81 A_85 A_97 A_98, 542 544 562 564 566 567 570 571 572 574 599 600 633 728 731 733 735 736 750 752 753 755 756 760 761 762 763 764 765 1155 1157 1158 1187 1194 1195 1196 1215 1216
pocket3  ,     3,    5.63,       0.271,         50,         27,   115.0395,    97.6376,   144.9268, A_278 A_281 A_282 A_287 A_288 A_291 A_295 A_438 A_442 A_443 A_446 A_76 A_79 A_80, 555 556 584 592 2161 2162 2163 2164 2191 2192 2193 2195 2197 2198 2201 2244 2252 2253 2274 2305 3413 3414 3443 3445 3449 3473 3475
pocket4  ,     4,    3.19,       0.109,         29,         16,   112.4761,   119.4755,   167.9981, A_177 A_179 A_180 A_183 A_20 A_22 A_23 A_254 A_255 A_256 A_26, 111 113 130 131 139 166 1372 1373 1390 1399 1423 1965 1974 1977 1980 1984
pocket5  ,     5,    3.09,       0.104,         24,         18,   122.4727,   126.2772,   160.6087, A_17 A_187 A_19 A_190 A_24 A_28 A_31 A_342, 87 88 104 147 148 179 180 181 202 203 204 205 206 207 1460 1483 1484 2688
pocket6  ,     6,    3.00,       0.098,         40,         18,   123.8661,   131.5967,   135.0375, A_325 A_328 A_329 A_332 A_336 A_399 A_402 A_403 A_406, 2553 2555 2556 2576 2583 2609 2610 2611 2612 2615 2643 3109 3113 3114 3130 3136 3162 3163
pocket7  ,     7,    2.68,       0.079,         24,         21,   110.8951,   118.5864,   126.2014, A_365 A_366 A_369 A_370 A_373 A_374 A_377 A_473 A_476 A_477 A_480, 2858 2865 2886 2887 2889 2890 2892 2894 2895 2919 2922 2924 2926 2927 2930 2953 3656 3657 3677 3687 3715
pocket8  ,     8,    2.33,       0.060,         31,         17,   138.2150,   119.0033,   156.3672, A_198 A_230 A_233 A_234 A_237 A_32 A_35 A_36 A_39, 214 244 245 251 274 276 277 1535 1536 1773 1775 1777 1798 1801 1804 1823 1824
pocket9  ,     9,    2.26,       0.056,         33,         13,   113.4669,   105.7499,   132.8711, A_292 A_295 A_299 A_454 A_475 A_478 A_479 A_482, 2282 2304 2334 3522 3524 3671 3672 3696 3698 3705 3706 3707 3727
pocket10 ,    10,    1.69,       0.029,         22,         21,   122.1985,   103.5680,   159.2665, A_166 A_167 A_170 A_171 A_242 A_432 A_433 A_82 A_91 A_94 A_95, 611 674 675 678 679 701 702 703 709 1275 1283 1314 1315 1316 1317 1318 1321 1323 1862 3370 3382
pocket11 ,    11,    1.24,       0.012,         18,         16,   148.7582,    98.7465,   137.7058, A_117 A_118 A_121 A_145 A_146 A_149 A_55 A_56 A_59, 401 405 406 407 408 420 890 901 922 923 925 927 1101 1103 1116 1147
